Image Path,LaTeX Label
.\cropped\im_ (46).jpg,BC=\sqrt{(4-2)^2}+(1-5)^2=4+16=\sqrt{20}=2\sqrt{5}
.\cropped\im_ (460).jpg,[x-k]=[x]-k
.\cropped\im_ (4600).jpg,\frac{-1}{16+w^2}
.\cropped\im_ (4601).jpg,\frac{1}{4-jw}
.\cropped\im_ (4602).jpg,\frac{1}{4+jw}
.\cropped\im_ (4603).jpg,\frac{1}{16-w^2}
.\cropped\im_ (4604).jpg,y(w)=\frac{-1}{16+w^2}
.\cropped\im_ (4605).jpg,y(w)=\frac{1}{(4+jw)(jw-4)}
.\cropped\im_ (4606).jpg,\frac{1}{4+jw}
.\cropped\im_ (4607).jpg,(jw)y(w)-4y(w)
.\cropped\im_ (4608).jpg,F(\alpha)=\int_{-\infty}^{+\infty}{e^{-jax}f(x)dx}
.\cropped\im_ (4609).jpg,2\cos{\alpha x}f(x)
.\cropped\im_ (461).jpg,0<=x-[x]<1
.\cropped\im_ (4610).jpg,F(\alpha-a)+F(\alpha+a)
.\cropped\im_ (4611).jpg,F(\alpha-a)-F(\alpha-a)
.\cropped\im_ (4612).jpg,F(a-\alpha)-F(a+\alpha)
.\cropped\im_ (4613).jpg,F(a-\alpha)+F(a+\alpha)
.\cropped\im_ (4614).jpg,(e^{jax}+e^{-jax})f(x)
.\cropped\im_ (4615).jpg,F(w-a)+F(w+a)
.\cropped\im_ (4616).jpg,f(x){\buildrelF\frac\rightarrow}F(w)
.\cropped\im_ (4617).jpg,\hat{f}(w)=\int_{-\infty}^{+\infty}{e^{-jwt}f(t)dt}
.\cropped\im_ (4618).jpg,f(t)=e^{-a\left|t\right|}\sin{bt}
.\cropped\im_ (4619).jpg,"a,b>0"
.\cropped\im_ (462).jpg,x=2/5\rightarrow[x]=2
.\cropped\im_ (4620).jpg,\frac{j4bw}{(a^2+b^2+w^2)^2-4b^2w^2}
.\cropped\im_ (4621).jpg,\frac{-j4abw}{(a^2+b^2+w^2)^2-4b^2w^2}
.\cropped\im_ (4622).jpg,\frac{j4abw}{(a^2+b^2+w^2)^2-4b^2w^2}
.\cropped\im_ (4623).jpg,\frac{4abw}{(a^2+b^2+w^2)^2-4b^2w^2}
.\cropped\im_ (4624).jpg,e^{-a\left|t\right|}=g(t)
.\cropped\im_ (4625).jpg,g(t){\buildrelF\frac\rightarrow}G(w)
.\cropped\im_ (4626).jpg,e^{-a\left|t\right|}\sin{bt}
.\cropped\im_ (4627).jpg,g(t)(e^{jbt}-e^{-jbt})\frac{1}{2j}
.\cropped\im_ (4628).jpg,\frac{1}{2j}(G(w-b)-G(w+b))
.\cropped\im_ (4629).jpg,\frac{2a}{a^2+w^2}
.\cropped\im_ (463).jpg,0<0/5<1
.\cropped\im_ (4630).jpg,G(w)=2\int_0^{\infty}{e^{-at}\cos{wt}dt}
.\cropped\im_ (4631).jpg,F(w)=\frac{1}{2j}(\frac{2a}{a^2+(w-b)^2}-\frac{2a}{a^2+(w+b)^2})
.\cropped\im_ (4632).jpg,\frac{-j4wab}{(a^2+w^2+b^2)^2-4w^2b^2}
.\cropped\im_ (4633).jpg,a^2+w^2+2wb+b^2
.\cropped\im_ (4634).jpg,a^2+w^2-2wb+b^2
.\cropped\im_ (4635).jpg,\pi y''-\pi y=\frac{-1}{t^2+1}
.\cropped\im_ (4636).jpg,r(w)=\frac{e^{-w}}{w}
.\cropped\im_ (4637).jpg,r(w)=w^2e^{-w}
.\cropped\im_ (4638).jpg,r(w)=(w^2+1)e^{-w}
.\cropped\im_ (4639).jpg,r(w)=\frac{e^{-w}}{w^2+1}
.\cropped\im_ (464).jpg,0<=2/5-2<1
.\cropped\im_ (4640).jpg,-\pi e^{-\left|w\right|}
.\cropped\im_ (4641).jpg,(\pi(jw)^2-\pi)y(w)
.\cropped\im_ (4642).jpg,y(w)=\frac{e^{-\left|w\right|}}{w^2+1}
.\cropped\im_ (4643).jpg,f(t)=\frac{t}{t^2+a^2}
.\cropped\im_ (4644).jpg,F(w)=\int_{-\infty}^{+\infty}{e^{-jwt}f(t)dt}
.\cropped\im_ (4645).jpg,F(w)=2\pi je^{-wa}
.\cropped\im_ (4646).jpg,F(w)=\pi je^{-wa}
.\cropped\im_ (4647).jpg,F(w)=\left\{\begin{matrix}-\pi e^{-wa}&w>0\\\pi e^{+wa}&w<0\\\end{matrix}\right.
.\cropped\im_ (4648).jpg,F(w)=-\pi je^{-wa}
.\cropped\im_ (4649).jpg,f(x)=\frac{\sin{x}}{x}
.\cropped\im_ (465).jpg,x\in z
.\cropped\im_ (4650).jpg,\hat{f}(w)=\int_{-\infty}^{+\infty}{f(t)e^{-jwt}dt}
.\cropped\im_ (4651).jpg,\hat{f}(w)
.\cropped\im_ (4652).jpg,\hat{f}(w)=\left\{\begin{matrix}\pi&\left|w\right|<1\\0&\left|w\right|>1\\\end{matrix}\right.
.\cropped\im_ (4653).jpg,\hat{f}(w)=\left\{\begin{matrix}\frac{\pi}{2}&\left|w\right|<1\\0&\left|w\right|>1\\\end{matrix}\right.
.\cropped\im_ (4654).jpg,\hat{f}(w)=\left\{\begin{matrix}2\pi&\left|w\right|<1\\0&\left|w\right|>1\\\end{matrix}\right.
.\cropped\im_ (4655).jpg,\hat{f}(w)=\left\{\begin{matrix}1&\left|w\right|<1\\0&\left|w\right|>1\\\end{matrix}\right.
.\cropped\im_ (4656).jpg,f(x)=\left\{\begin{matrix}a&\left|x\right|<1\\0&\left|x\right|>1\\\end{matrix}\right.
.\cropped\im_ (4657).jpg,F(w)=2\int_0^1{a\cos{wx}dx}
.\cropped\im_ (4658).jpg,\frac{2a\sin{w}}{w}
.\cropped\im_ (4659).jpg,\frac{2a\sin{x}}{x}
.\cropped\im_ (466).jpg,x\notin4
.\cropped\im_ (4660).jpg,2\pi f(-w)
.\cropped\im_ (4661).jpg,2\pi f(w)
.\cropped\im_ (4662).jpg,2\pi\left\{\begin{matrix}a&\left|w\right|<1\\0&\left|w\right|>1\\\end{matrix}\right.
.\cropped\im_ (4663).jpg,\left\{\begin{matrix}\pi&\left|w\right|<1\\0&\left|w\right|>1\\\end{matrix}\right.
.\cropped\im_ (4664).jpg,\frac{\sin{x}}{x}
.\cropped\im_ (4665).jpg,f(x)=e^{-x^2}
.\cropped\im_ (4666).jpg,\frac{dF(w)}{dw}+wF(w)=0
.\cropped\im_ (4667).jpg,\frac{dF(w)}{dw}+\frac{w^2}{2}F(w)=0
.\cropped\im_ (4668).jpg,\frac{dF(w)}{dw}+\frac{w}{2}F(w)=0
.\cropped\im_ (4669).jpg,\frac{dF(w)}{dw}+\frac{2}{w}F(w)=0
.\cropped\im_ (467).jpg,[x]+[-x]=0
.\cropped\im_ (4670).jpg,e^{-x^2}=f(x)
.\cropped\im_ (4671).jpg,f'(x)=-2xe^{-x^2}
.\cropped\im_ (4672).jpg,-2xf(x)
.\cropped\im_ (4673).jpg,f'(x)=-2xf(x)
.\cropped\im_ (4674).jpg,jwF(w)=-Ij
.\cropped\im_ (4675).jpg,\frac{dF(w)}{dw}+wF(w)=0
.\cropped\im_ (4676).jpg,jwF(w)=-2jF'(w)
.\cropped\im_ (4677).jpg,F'(w)+\frac{w}{2}F(w)=0
.\cropped\im_ (4678).jpg,2F(2w)e^{-jw\pi}
.\cropped\im_ (4679).jpg,2F(2w)e^{-2jw\pi}
.\cropped\im_ (468).jpg,[x]+[-x]=-1
.\cropped\im_ (4680).jpg,jw2F(w)e^{-jw\pi}
.\cropped\im_ (4681).jpg,jw2F(w)e^{-j2w\pi}
.\cropped\im_ (4682).jpg,f(t)=-\sin{t}
.\cropped\im_ (4683).jpg,g(t)=\cos{\frac{t}{2}}
.\cropped\im_ (4684).jpg,f(x)=\left\{\begin{matrix}x&-1<x<1\\0\\\end{matrix}\right.
.\cropped\im_ (4685).jpg,\frac{1}{\sqrt{2\pi}}\int_{-\infty}^{+\infty}{f(x)e^{-jwx}dx}
.\cropped\im_ (4686).jpg,\frac{1}{\sqrt{2\pi}}[\frac{2\cos{w}}{-jw}+\frac{1}{w^2}(e^{-jw}+e^{jw})]
.\cropped\im_ (4687).jpg,\sqrt{\frac{2}{\pi}}\frac{j}{w^2}(w\cos{w}-\sin{w})
.\cropped\im_ (4688).jpg,\frac{1}{\sqrt{2\pi}}[\frac{2\cos{w}}{jw}+\frac{1}{w^2}(e^{-jw}-e^{jw})]
.\cropped\im_ (4689).jpg,\sqrt{\frac{2}{\pi}}(\frac{j\cos{w}}{w}-\frac{j\sin{w}}{w^2})
.\cropped\im_ (469).jpg,2[x]+1=3
.\cropped\im_ (4690).jpg,F(w)=\frac{2}{\sqrt{2\pi}}\int_0^1{-jx\sin{wx}dx}
.\cropped\im_ (4691).jpg,\frac{-2j}{\sqrt{2\pi}}(\frac{-\cos{w}}{w}+\frac{\sin{w}}{w^2})
.\cropped\im_ (4692).jpg,\sqrt{\frac{2}{\pi}}j\frac{\cos{w}-\sin{w}}{w^2}
.\cropped\im_ (4693).jpg,\sqrt{\frac{2}{\pi}}(\frac{j\cos{w}}{w^2}-\frac{j\sin{w}}{w^2})
.\cropped\im_ (4694).jpg,\sqrt{\frac{2}{\pi}}(w\cos{w}-\sin{w})\frac{i}{w^2}
.\cropped\im_ (4695).jpg,F_c(w)=\emptyset\sqrt{\frac{2}{\pi}}\frac{2}{\pi}\int_0^{\infty}{f(x)\cos{wx}dx}
.\cropped\im_ (4696).jpg,F_s(w)=\emptyset\sqrt{\frac{2}{\pi}}\frac{2}{\pi}\int_0^{\infty}{f(x)\sin{wx}dx}
.\cropped\im_ (4697).jpg,f(t)=\frac{e^{-at}}{t}
.\cropped\im_ (4698).jpg,\frac{a}{a^2+w^2}
.\cropped\im_ (4699).jpg,\tan{(\frac{w}{a})}^{-1}
.\cropped\im_ (47).jpg,AB=\frac{5-2}{2-1}=\frac{3}{1}=3
.\cropped\im_ (470).jpg,2[x]=2
.\cropped\im_ (4700).jpg,\tan{(\frac{w}{a})}
.\cropped\im_ (4701).jpg,\frac{w}{a^2+w^2}
.\cropped\im_ (4702).jpg,F_s(w)=\int_0^{\infty}{f(x)\sin{wx}dx}
.\cropped\im_ (4703).jpg,\int_0^{\infty}{\frac{e^{-at}}{t}\sin{wt}dt}
.\cropped\im_ (4704).jpg,l[\frac{\sin{wt}}{t}]_{s=a}=\tan{\frac{w}{a}}^{-1}
.\cropped\im_ (4705).jpg,\frac{dF_s(w)}{dw}
.\cropped\im_ (4706).jpg,\int_0^{\infty}{e^{-at}\cos{wt}dt}
.\cropped\im_ (4707).jpg,\frac{a}{a^2+w^2}
.\cropped\im_ (4708).jpg,F_s(w)=\int{\frac{a}{a^2+w^2}dw}
.\cropped\im_ (4709).jpg,\tan{(\frac{w}{a})}^{-1}
.\cropped\im_ (471).jpg,[x]=1
.\cropped\im_ (4710).jpg,F_c{(z)}=\sqrt{\frac{2}{\pi}}\frac{z}{z^2+1}
.\cropped\im_ (4711).jpg,F_c{(z)}=\sqrt{\frac{2}{\pi}}\frac{1}{z^2+1}
.\cropped\im_ (4712).jpg,f(x)=e^{-x}
.\cropped\im_ (4713).jpg,F_c(z)=\sqrt{\frac{2}{\pi}}\frac{1}{z^2-1}
.\cropped\im_ (4714).jpg,F_c(z)=\sqrt{\frac{2}{\pi}}\frac{z}{z^2-1}
.\cropped\im_ (4715).jpg,\frac{1}{1+z^2}
.\cropped\im_ (4716).jpg,\frac{1}{1+w^2}
.\cropped\im_ (4717).jpg,\int_0^{\infty}{e^{-x}\cos{wx}dx}
.\cropped\im_ (4718).jpg,\int_0^{\infty}{f(x)\cos{wx}dx}
.\cropped\im_ (4719).jpg,F_c(w)
.\cropped\im_ (472).jpg,1<=x<2
.\cropped\im_ (4720).jpg,\int_{-\infty}^{+\infty}{\delta(x)dx}
.\cropped\im_ (4721).jpg,\int_{-a}^{+a}{\delta(x)dx}
.\cropped\im_ (4722).jpg,\int_{0^-}^{0^+}{\delta(x)dx}=1
.\cropped\im_ (4723).jpg,f(x)\delta(x-a)=f(a)\delta(x-a)
.\cropped\im_ (4724).jpg,f(x)*\delta(x-a)=f(x-a)
.\cropped\im_ (4725).jpg,(u_a(x))'=\delta(x-a)
.\cropped\im_ (4726).jpg,u_a(x)=u(x-a)
.\cropped\im_ (4727).jpg,\delta(x){\buildrelF\frac\rightarrow}1
.\cropped\im_ (4728).jpg,\delta(-x)=\delta(x)
.\cropped\im_ (4729).jpg,a_0=\frac{1}{L}\int_{-L}^{L}{\delta(x)dx}=\frac{1}{L}
.\cropped\im_ (473).jpg,"[-2,2)"
.\cropped\im_ (4730).jpg,a_n=\frac{1}{L}\int_{-L}^{L}{\delta(x)\cos{\frac{n\pi}{L}x}dx}=\frac{1}{L}
.\cropped\im_ (4731).jpg,f(x)=\delta(x)=\frac{1}{2L}+\sum_{n=1}^{\infty}{\frac{1}{L}\cos{\frac{n\pi}{L}x}}
.\cropped\im_ (4732).jpg,b_n=\frac{1}{L}\int_{-L}^{L}{\delta(x)\sin{\frac{n\pi}{L}x}dx}=0
.\cropped\im_ (4733).jpg,-L<x<L
.\cropped\im_ (4734).jpg,f(x)=\delta(x)
.\cropped\im_ (4735).jpg,f(x)=1
.\cropped\im_ (4736).jpg,\delta(x){\buildrelF\frac\rightarrow}1
.\cropped\im_ (4737).jpg,1{\buildrelF\frac\rightarrow}2\pi\delta(-w)=2\pi\delta(w)
.\cropped\im_ (4738).jpg,1{\buildrelF\frac\rightarrow}2\pi\delta(w)
.\cropped\im_ (4739).jpg,e^{jax}{\buildrelF\frac\rightarrow}2\pi\delta(w-a)
.\cropped\im_ (474).jpg,y=\frac{[x]}{x}
.\cropped\im_ (4740).jpg,f(x)=e^{ajx}
.\cropped\im_ (4741).jpg,f(x)=\cos{ax}
.\cropped\im_ (4742).jpg,\cos{ax}=\frac{e^{jax}-e^{-jax}}{2}
.\cropped\im_ (4743).jpg,\frac{2\pi}{2}(\delta(w-a)+\delta(w+a))
.\cropped\im_ (4744).jpg,f(x)=\frac{\sin{x}}{x}
.\cropped\im_ (4745).jpg,-jF'(w)=\frac{\pi}{j}(\delta(w-a)-\delta(w+a))
.\cropped\im_ (4746).jpg,xf(x)=\sin{x}
.\cropped\im_ (4747).jpg,F'(w)=\pi(\delta(w-a)-\delta(w+a))
.\cropped\im_ (4748).jpg,f(x)g_1(x)-f'(x)g_2(x)+f''(x)g_3(x)-\dots.
.\cropped\im_ (4749).jpg,\int{f(x)g_0(x)dx}
.\cropped\im_ (475).jpg,-2<=\frac{[x]}{x}<-1
.\cropped\im_ (4750).jpg,\int{f''(0)g_3(x)dx}
.\cropped\im_ (4751).jpg,g_{i+1}(x)=\int{g_i(x)dx}
.\cropped\im_ (4752).jpg,f(x)g_1(x)-\int{f'(x)g_1(x)dx}
.\cropped\im_ (4753).jpg,\int{f(x)g_0(x)dx}
.\cropped\im_ (4754).jpg,\int{f(x)g_0(x)dx}
.\cropped\im_ (4755).jpg,fg_1-f'g_2+f''g_3-f'''g_4+\int{f^{(4)}g_4dx}
.\cropped\im_ (4756).jpg,\int{x^4\cos{x}dx}
.\cropped\im_ (4757).jpg,x^4(\sin{x})-4x^3(-\cos{x})+12x^2(-\sin{x})-24x(\cos{x})+24(\sin{x})
.\cropped\im_ (4758).jpg,\frac{1}{2}\ln{(1+x^2)}
.\cropped\im_ (4759).jpg,x\arctan{x}
.\cropped\im_ (476).jpg,y=\frac{-2}{x}
.\cropped\im_ (4760).jpg,\int{\arctan{x}dx}
.\cropped\im_ (4761).jpg,\int{\ln{x}dx}
.\cropped\im_ (4762).jpg,x\ln{x}-x
.\cropped\im_ (4763).jpg,\int{\frac{\ln{x}}{x^2}dx}
.\cropped\im_ (4764).jpg,\ln{x}\times(\frac{-1}{x})=\frac{1}{x}
.\cropped\im_ (4765).jpg,z=x+jy=r(\cos{\theta}+j\sin{\theta})=2e^{j\theta}
.\cropped\im_ (4766).jpg,Re(z)=x
.\cropped\im_ (4767).jpg,Im(z)=y
.\cropped\im_ (4768).jpg,\theta=\arg(z)
.\cropped\im_ (4769).jpg,r(\cos{\theta}+j\sin{\theta})=r\cos{\theta}
.\cropped\im_ (477).jpg,y=\frac{-1}{x}
.\cropped\im_ (4770).jpg,r=\sqrt{x^2+y^2}
.\cropped\im_ (4771).jpg,z=x+iy
.\cropped\im_ (4772).jpg,\tan{\frac{y}{x}}_{-1}
.\cropped\im_ (4773).jpg,\pi+\tan{\frac{y}{x}}_{-1}
.\cropped\im_ (4774).jpg,z=1+i\sqrt{3}
.\cropped\im_ (4775).jpg,r=2
.\cropped\im_ (4776).jpg,"(2,\frac{\pi}{3})"
.\cropped\im_ (4777).jpg,\theta=\tan{\frac{\sqrt{3}}{1}}^{-1}=\frac{\pi}{3}
.\cropped\im_ (4778).jpg,z=-1+j\sqrt{3}
.\cropped\im_ (4779).jpg,r=2
